Workbook

Sheet Datos del grupo
B2: HOJA A CALIFICAR | C2: ASIGNATURA | D2: GRUPO # | E2: NOMBRE ESTUDIANTES | F2: CORREO
B3: Estudiante 1 | C3: EXTRACCION TRANSFORMACION Y CARGA DE DATOS | E3: Miguel Angel Caballero Garcia | F3: mangelcaballero@ucompensar.edu.co
B4: Estudiante 2
B5: Estudiante 3
B6: Estudiante 4
B7: Estudiante 5

Sheet Estudiante 1
B2: Nombre Estudiante que Califica | C2: ='Datos del grupo'!E3 -> Miguel Angel Caballero Garcia
B3: Correo | C3: ='Datos del grupo'!F3 -> mangelcaballero@ucompensar.edu.co
B4: Grupo Asignado en Plataforma | C4: ='Datos del grupo'!D3 -> 0
B5: Asignatura | C5: ='Datos del grupo'!C3 -> EXTRACCION TRANSFORMACION Y CARGA DE DATOS
D7: =D14+D19+D24+D29+D34 -> 5 | E7: =E14+E19+E24+E29+E34 -> 0 | F7: =F14+F19+F24+F29+F34 -> 0 | G7: =G14+G19+G24+G29+G34 -> 0
B8: RUBRICA DE COEVALUACIÓN | D8: Nombre 1er Evaluado | E8: Nombre 2do Evaluado | F8: Nombre 3er Evaluado | G8: Nombre 4to Evaluado
B9: Criterio de Evaluación | C9: Indicadores | D9: ='Datos del grupo'!E4 -> 0 | E9: ='Datos del grupo'!E5 -> 0 | F9: ='Datos del grupo'!E6 -> 0 | G9: ='Datos del grupo'!E7 -> 0
B10: Participación en la toma de decisiones del equipo | C10: A. No participa en la toma de decisiones del equipo | D10: D
C11: B.Participa ocasionalmente en la toma de decisiones del equipo, los aportes son limitados.
C12: C. Participa en la toma de decisiones del equipo, facilitando el diálogo abierto, pero sin tomar una postura de liderazgo del equipo.
C13: D. Participa en la toma de decisiones del equipo, desde una postura de líder, facilitando el diálogo y proponiendo vías de acción a posibles dificultades dentro del grupo.
D14: {=_xlfn.IFS(D10="A",0.25,D10="B",0.5,D10="C",0.75,D10="D",1,D10="",0)} -> 1 | E14: {=_xlfn.IFS(E10="A",0.25,E10="B",0.5,E10="C",0.75,E10="D",1,E10="",0)} -> 0 | F14: {=_xlfn.IFS(F10="A",0.25,F10="B",0.5,F10="C",0.75,F10="D",1,F10="",0)} -> 0 | G14: {=_xlfn.IFS(G10="A",0.25,G10="B",0.5,G10="C",0.75,G10="D",1,G10="",0)} -> 0
B15: Participación en la ejecución de las actividades en equipo | C15: A. No participa en la ejecución de actividades en equipo. | D15: D
C16: B. Participa en las actividades solicitadas sin tomar ningún rol protagónico en el equipo y sin cumplir con los tiempos requeridos.
C17: C. Participa activamente en la ejecución de las actividades, siguiendo el rol y tareas designadas, dentro de los tiempos requeridos.
C18: D. Participa activamente en la ejecución de las actividades, organizando las tareas a realizar, designando roles y actividades, dentro de los tiempos requeridos.
D19: {=_xlfn.IFS(D15="A",0.25,D15="B",0.5,D15="C",0.75,D15="D",1,D15="",0)} -> 1 | E19: {=_xlfn.IFS(E15="A",0.25,E15="B",0.5,E15="C",0.75,E15="D",1,E15="",0)} -> 0 | F19: {=_xlfn.IFS(F15="A",0.25,F15="B",0.5,F15="C",0.75,F15="D",1,F15="",0)} -> 0 | G19: {=_xlfn.IFS(G15="A",0.25,G15="B",0.5,G15="C",0.75,G15="D",1,G15="",0)} -> 0
B20: Entrega oportuna en los tiempos pautados | C20: A. No realiza los aportes solicitados. | D20: D
C21: B. Responde las participaciones de la mayoría de las asignaciones, presentando retrasos en algunas de ellas.
C22: C. Responde entregando la totalidad de los documentos, con algunos retrasos a los tiempos pautados por todo el equipo.
C23: D. Responde con prontitud a los tiempos pautados por todo el equipo, entregando la totalidad de los documentos
D24: {=_xlfn.IFS(D20="A",0.25,D20="B",0.5,D20="C",0.75,D20="D",1,D20="",0)} -> 1 | E24: {=_xlfn.IFS(E20="A",0.25,E20="B",0.5,E20="C",0.75,E20="D",1,E20="",0)} -> 0 | F24: {=_xlfn.IFS(F20="A",0.25,F20="B",0.5,F20="C",0.75,F20="D",1,F20="",0)} -> 0 | G24: {=_xlfn.IFS(G20="A",0.25,G20="B",0.5,G20="C",0.75,G20="D",1,G20="",0)} -> 0
B25: Revisión de ajustes o modificaciones | C25: A. No realiza ajustes o modificaciones solicitadas. | D25: D
C26: B. Realiza ajustes y/o modificaciones solicitadas fuera de los tiempos requeridos por el equipo y sin mucha profundidad.
C27: C. Realiza ajustes y/o modificaciones dentro de los tiempos estipulados por el equipo, pero sin mayor profundidad.
C28: D.Realiza los ajustes y/o modificaciones requeridos por el equipo de forma concienzuda, dentro de los tiempos estipulados.
D29: {=_xlfn.IFS(D25="A",0.25,D25="B",0.5,D25="C",0.75,D25="D",1,D25="",0)} -> 1 | E29: {=_xlfn.IFS(E25="A",0.25,E25="B",0.5,E25="C",0.75,E25="D",1,E25="",0)} -> 0 | F29: {=_xlfn.IFS(F25="A",0.25,F25="B",0.5,F25="C",0.75,F25="D",1,F25="",0)} -> 0 | G29: {=_xlfn.IFS(G25="A",0.25,G25="B",0.5,G25="C",0.75,G25="D",1,G25="",0)} -> 0
B30: Los entregables cumplen con las características pautadas en la actividad académica | C30: A. Los entregables no cumplen con las características pautadas en la actividad académica | D30: D
C31: B. Los entregables cumplen con algunas características pautadas en la actividad académica, pero con algunas inconsistencias en fondo o forma
C32: C. Los entregables cumplen con todas las características pautadas en la actividad académica, pero con algunas inconsistencias en fondo o forma
C33: D. Los entregables se ajustan en su totalidad a lo solicitado en las actividades académicas
D34: {=_xlfn.IFS(D30="A",0.25,D30="B",0.5,D30="C",0.75,D30="D",1,D30="",0)} -> 1 | E34: {=_xlfn.IFS(E30="A",0.25,E30="B",0.5,E30="C",0.75,E30="D",1,E30="",0)} -> 0 | F34: {=_xlfn.IFS(F30="A",0.25,F30="B",0.5,F30="C",0.75,F30="D",1,F30="",0)} -> 0 | G34: {=_xlfn.IFS(G30="A",0.25,G30="B",0.5,G30="C",0.75,G30="D",1,G30="",0)} -> 0

Sheet Estudiante 2
B2: Nombre Estudiante que Califica | C2: ='Datos del grupo'!E4 -> 0
B3: Correo | C3: ='Datos del grupo'!F4 -> 0
B4: Grupo Asignado en Plataforma | C4: ='Datos del grupo'!D3 -> 0
B5: Asignatura | C5: ='Datos del grupo'!C3 -> EXTRACCION TRANSFORMACION Y CARGA DE DATOS
D7: =D14+D19+D24+D29+D34 -> 1 | E7: =E14+E19+E24+E29+E34 -> 1 | F7: =F14+F19+F24+F29+F34 -> 1 | G7: =G14+G19+G24+G29+G34 -> 0.75
B8: RUBRICA DE COEVALUACIÓN | D8: Nombre 1er Evaluado | E8: Nombre 2do Evaluado | F8: Nombre 3er Evaluado | G8: Nombre 4to Evaluado
B9: Criterio de Evaluación | C9: Indicadores | D9: ='Datos del grupo'!$E$3 -> Miguel Angel Caballero Garcia | E9: ='Datos del grupo'!$E$5 -> 0 | F9: ='Datos del grupo'!$E$6 -> 0 | G9: ='Datos del grupo'!$E$7 -> 0
B10: Participación en la toma de decisiones del equipo | C10: A. No participa en la toma de decisiones del equipo
C11: B.Participa ocasionalmente en la toma de decisiones del equipo, los aportes son limitados.
C12: C. Participa en la toma de decisiones del equipo, facilitando el diálogo abierto, pero sin tomar una postura de liderazgo del equipo.
C13: D. Participa en la toma de decisiones del equipo, desde una postura de líder, facilitando el diálogo y proponiendo vías de acción a posibles dificultades dentro del grupo.
D14: {=_xlfn.IFS(D10="A",0.25,D10="B",0.5,D10="C",0.75,D10="D",1,D10="",0)} -> 0 | E14: {=_xlfn.IFS(E10="A",0.25,E10="B",0.5,E10="C",0.75,E10="D",1,E10="",0)} -> 0 | F14: {=_xlfn.IFS(F10="A",0.25,F10="B",0.5,F10="C",0.75,F10="D",1,F10="",0)} -> 0 | G14: {=_xlfn.IFS(G10="A",0.25,G10="B",0.5,G10="C",0.75,G10="D",1,G10="",0)} -> 0
B15: Participación en la ejecución de las actividades en equipo | C15: A. No participa en la ejecución de actividades en equipo.
C16: B. Participa en las actividades solicitadas sin tomar ningún rol protagónico en el equipo y sin cumplir con los tiempos requeridos.
C17: C. Participa activamente en la ejecución de las actividades, siguiendo el rol y tareas designadas, dentro de los tiempos requeridos.
C18: D. Participa activamente en la ejecución de las actividades, organizando las tareas a realizar, designando roles y actividades, dentro de los tiempos requeridos.
D19: {=_xlfn.IFS(D15="A",0.25,D15="B",0.5,D15="C",0.75,D15="D",1,D15="",0)} -> 0 | E19: {=_xlfn.IFS(E15="A",0.25,E15="B",0.5,E15="C",0.75,E15="D",1,E15="",0)} -> 0 | F19: {=_xlfn.IFS(F15="A",0.25,F15="B",0.5,F15="C",0.75,F15="D",1,F15="",0)} -> 0 | G19: {=_xlfn.IFS(G15="A",0.25,G15="B",0.5,G15="C",0.75,G15="D",1,G15="",0)} -> 0
B20: Entrega oportuna en los tiempos pautados | C20: A. No realiza los aportes solicitados.
C21: B. Responde las participaciones de la mayoría de las asignaciones, presentando retrasos en algunas de ellas.
C22: C. Responde entregando la totalidad de los documentos, con algunos retrasos a los tiempos pautados por todo el equipo.
C23: D. Responde con prontitud a los tiempos pautados por todo el equipo, entregando la totalidad de los documentos
D24: {=_xlfn.IFS(D20="A",0.25,D20="B",0.5,D20="C",0.75,D20="D",1,D20="",0)} -> 0 | E24: {=_xlfn.IFS(E20="A",0.25,E20="B",0.5,E20="C",0.75,E20="D",1,E20="",0)} -> 0 | F24: {=_xlfn.IFS(F20="A",0.25,F20="B",0.5,F20="C",0.75,F20="D",1,F20="",0)} -> 0 | G24: {=_xlfn.IFS(G20="A",0.25,G20="B",0.5,G20="C",0.75,G20="D",1,G20="",0)} -> 0
B25: Revisión de ajustes o modificaciones | C25: A. No realiza ajustes o modificaciones solicitadas.
C26: B. Realiza ajustes y/o modificaciones solicitadas fuera de los tiempos requeridos por el equipo y sin mucha profundidad.
C27: C. Realiza ajustes y/o modificaciones dentro de los tiempos estipulados por el equipo, pero sin mayor profundidad.
C28: D.Realiza los ajustes y/o modificaciones requeridos por el equipo de forma concienzuda, dentro de los tiempos estipulados.
D29: {=_xlfn.IFS(D25="A",0.25,D25="B",0.5,D25="C",0.75,D25="D",1,D25="",0)} -> 0 | E29: {=_xlfn.IFS(E25="A",0.25,E25="B",0.5,E25="C",0.75,E25="D",1,E25="",0)} -> 0 | F29: {=_xlfn.IFS(F25="A",0.25,F25="B",0.5,F25="C",0.75,F25="D",1,F25="",0)} -> 0 | G29: {=_xlfn.IFS(G25="A",0.25,G25="B",0.5,G25="C",0.75,G25="D",1,G25="",0)} -> 0
B30: Los entregables cumplen con las características pautadas en la actividad académica | C30: A. Los entregables no cumplen con las características pautadas en la actividad académica | D30: D | E30: D | F30: D | G30: C
C31: B. Los entregables cumplen con algunas características pautadas en la actividad académica, pero con algunas inconsistencias en fondo o forma
C32: C. Los entregables cumplen con todas las características pautadas en la actividad académica, pero con algunas inconsistencias en fondo o forma
C33: D. Los entregables se ajustan en su totalidad a lo solicitado en las actividades académicas
D34: {=_xlfn.IFS(D30="A",0.25,D30="B",0.5,D30="C",0.75,D30="D",1,D30="",0)} -> 1 | E34: {=_xlfn.IFS(E30="A",0.25,E30="B",0.5,E30="C",0.75,E30="D",1,E30="",0)} -> 1 | F34: {=_xlfn.IFS(F30="A",0.25,F30="B",0.5,F30="C",0.75,F30="D",1,F30="",0)} -> 1 | G34: {=_xlfn.IFS(G30="A",0.25,G30="B",0.5,G30="C",0.75,G30="D",1,G30="",0)} -> 0.75

Sheet Estudiante 3
B2: Nombre Estudiante que Califica | C2: ='Datos del grupo'!E5 -> 0
B3: Correo | C3: ='Datos del grupo'!F5 -> 0
B4: Grupo Asignado en Plataforma | C4: ='Datos del grupo'!D3 -> 0
B5: Asignatura | C5: ='Datos del grupo'!C3 -> EXTRACCION TRANSFORMACION Y CARGA DE DATOS
D7: =D14+D19+D24+D29+D34 -> 0 | E7: =E14+E19+E24+E29+E34 -> 0 | F7: =F14+F19+F24+F29+F34 -> 0 | G7: =G14+G19+G24+G29+G34 -> 0
B8: RUBRICA DE COEVALUACIÓN | D8: Nombre 1er Evaluado | E8: Nombre 2do Evaluado | F8: Nombre 3er Evaluado | G8: Nombre 4to Evaluado
B9: Criterio de Evaluación | C9: Indicadores | D9: ='Datos del grupo'!$E3 -> Miguel Angel Caballero Garcia | E9: ='Datos del grupo'!$E$4 -> 0 | F9: ='Datos del grupo'!$E$6 -> 0 | G9: ='Datos del grupo'!$E$7 -> 0
B10: Participación en la toma de decisiones del equipo | C10: A. No participa en la toma de decisiones del equipo
C11: B.Participa ocasionalmente en la toma de decisiones del equipo, los aportes son limitados.
C12: C. Participa en la toma de decisiones del equipo, facilitando el diálogo abierto, pero sin tomar una postura de liderazgo del equipo.
C13: D. Participa en la toma de decisiones del equipo, desde una postura de líder, facilitando el diálogo y proponiendo vías de acción a posibles dificultades dentro del grupo.
D14: {=_xlfn.IFS(D10="A",0.25,D10="B",0.5,D10="C",0.75,D10="D",1,D10="",0)} -> 0 | E14: {=_xlfn.IFS(E10="A",0.25,E10="B",0.5,E10="C",0.75,E10="D",1,E10="",0)} -> 0 | F14: {=_xlfn.IFS(F10="A",0.25,F10="B",0.5,F10="C",0.75,F10="D",1,F10="",0)} -> 0 | G14: {=_xlfn.IFS(G10="A",0.25,G10="B",0.5,G10="C",0.75,G10="D",1,G10="",0)} -> 0
B15: Participación en la ejecución de las actividades en equipo | C15: A. No participa en la ejecución de actividades en equipo.
C16: B. Participa en las actividades solicitadas sin tomar ningún rol protagónico en el equipo y sin cumplir con los tiempos requeridos.
C17: C. Participa activamente en la ejecución de las actividades, siguiendo el rol y tareas designadas, dentro de los tiempos requeridos.
C18: D. Participa activamente en la ejecución de las actividades, organizando las tareas a realizar, designando roles y actividades, dentro de los tiempos requeridos.
D19: {=_xlfn.IFS(D15="A",0.25,D15="B",0.5,D15="C",0.75,D15="D",1,D15="",0)} -> 0 | E19: {=_xlfn.IFS(E15="A",0.25,E15="B",0.5,E15="C",0.75,E15="D",1,E15="",0)} -> 0 | F19: {=_xlfn.IFS(F15="A",0.25,F15="B",0.5,F15="C",0.75,F15="D",1,F15="",0)} -> 0 | G19: {=_xlfn.IFS(G15="A",0.25,G15="B",0.5,G15="C",0.75,G15="D",1,G15="",0)} -> 0
B20: Entrega oportuna en los tiempos pautados | C20: A. No realiza los aportes solicitados.
C21: B. Responde las participaciones de la mayoría de las asignaciones, presentando retrasos en algunas de ellas.
C22: C. Responde entregando la totalidad de los documentos, con algunos retrasos a los tiempos pautados por todo el equipo.
C23: D. Responde con prontitud a los tiempos pautados por todo el equipo, entregando la totalidad de los documentos
D24: {=_xlfn.IFS(D20="A",0.25,D20="B",0.5,D20="C",0.75,D20="D",1,D20="",0)} -> 0 | E24: {=_xlfn.IFS(E20="A",0.25,E20="B",0.5,E20="C",0.75,E20="D",1,E20="",0)} -> 0 | F24: {=_xlfn.IFS(F20="A",0.25,F20="B",0.5,F20="C",0.75,F20="D",1,F20="",0)} -> 0 | G24: {=_xlfn.IFS(G20="A",0.25,G20="B",0.5,G20="C",0.75,G20="D",1,G20="",0)} -> 0
B25: Revisión de ajustes o modificaciones | C25: A. No realiza ajustes o modificaciones solicitadas.
C26: B. Realiza ajustes y/o modificaciones solicitadas fuera de los tiempos requeridos por el equipo y sin mucha profundidad.
C27: C. Realiza ajustes y/o modificaciones dentro de los tiempos estipulados por el equipo, pero sin mayor profundidad.
C28: D.Realiza los ajustes y/o modificaciones requeridos por el equipo de forma concienzuda, dentro de los tiempos estipulados.
D29: {=_xlfn.IFS(D25="A",0.25,D25="B",0.5,D25="C",0.75,D25="D",1,D25="",0)} -> 0 | E29: {=_xlfn.IFS(E25="A",0.25,E25="B",0.5,E25="C",0.75,E25="D",1,E25="",0)} -> 0 | F29: {=_xlfn.IFS(F25="A",0.25,F25="B",0.5,F25="C",0.75,F25="D",1,F25="",0)} -> 0 | G29: {=_xlfn.IFS(G25="A",0.25,G25="B",0.5,G25="C",0.75,G25="D",1,G25="",0)} -> 0
B30: Los entregables cumplen con las características pautadas en la actividad académica | C30: A. Los entregables no cumplen con las características pautadas en la actividad académica
C31: B. Los entregables cumplen con algunas características pautadas en la actividad académica, pero con algunas inconsistencias en fondo o forma
C32: C. Los entregables cumplen con todas las características pautadas en la actividad académica, pero con algunas inconsistencias en fondo o forma
C33: D. Los entregables se ajustan en su totalidad a lo solicitado en las actividades académicas
D34: {=_xlfn.IFS(D30="A",0.25,D30="B",0.5,D30="C",0.75,D30="D",1,D30="",0)} -> 0 | E34: {=_xlfn.IFS(E30="A",0.25,E30="B",0.5,E30="C",0.75,E30="D",1,E30="",0)} -> 0 | F34: {=_xlfn.IFS(F30="A",0.25,F30="B",0.5,F30="C",0.75,F30="D",1,F30="",0)} -> 0 | G34: {=_xlfn.IFS(G30="A",0.25,G30="B",0.5,G30="C",0.75,G30="D",1,G30="",0)} -> 0

Sheet Estudiante 4
B2: Nombre Estudiante que Califica | C2: ='Datos del grupo'!E6 -> 0
B3: Correo | C3: ='Datos del grupo'!F6 -> 0
B4: Grupo Asignado en Plataforma | C4: ='Datos del grupo'!D3 -> 0
B5: Asignatura | C5: ='Datos del grupo'!C3 -> EXTRACCION TRANSFORMACION Y CARGA DE DATOS
D7: =D14+D19+D24+D29+D34 -> 0 | E7: =E14+E19+E24+E29+E34 -> 0 | F7: =F14+F19+F24+F29+F34 -> 0 | G7: =G14+G19+G24+G29+G34 -> 0
B8: RUBRICA DE COEVALUACIÓN | D8: Nombre 1er Evaluado | E8: Nombre 2do Evaluado | F8: Nombre 3er Evaluado | G8: Nombre 4to Evaluado
B9: Criterio de Evaluación | C9: Indicadores | D9: ='Datos del grupo'!$E$3 -> Miguel Angel Caballero Garcia | E9: ='Datos del grupo'!$E$4 -> 0 | F9: ='Datos del grupo'!$E$5 -> 0 | G9: ='Datos del grupo'!$E$7 -> 0
B10: Participación en la toma de decisiones del equipo | C10: A. No participa en la toma de decisiones del equipo
C11: B.Participa ocasionalmente en la toma de decisiones del equipo, los aportes son limitados.
C12: C. Participa en la toma de decisiones del equipo, facilitando el diálogo abierto, pero sin tomar una postura de liderazgo del equipo.
C13: D. Participa en la toma de decisiones del equipo, desde una postura de líder, facilitando el diálogo y proponiendo vías de acción a posibles dificultades dentro del grupo.
D14: {=_xlfn.IFS(D10="A",0.25,D10="B",0.5,D10="C",0.75,D10="D",1,D10="",0)} -> 0 | E14: {=_xlfn.IFS(E10="A",0.25,E10="B",0.5,E10="C",0.75,E10="D",1,E10="",0)} -> 0 | F14: {=_xlfn.IFS(F10="A",0.25,F10="B",0.5,F10="C",0.75,F10="D",1,F10="",0)} -> 0 | G14: {=_xlfn.IFS(G10="A",0.25,G10="B",0.5,G10="C",0.75,G10="D",1,G10="",0)} -> 0
B15: Participación en la ejecución de las actividades en equipo | C15: A. No participa en la ejecución de actividades en equipo.
C16: B. Participa en las actividades solicitadas sin tomar ningún rol protagónico en el equipo y sin cumplir con los tiempos requeridos.
C17: C. Participa activamente en la ejecución de las actividades, siguiendo el rol y tareas designadas, dentro de los tiempos requeridos.
C18: D. Participa activamente en la ejecución de las actividades, organizando las tareas a realizar, designando roles y actividades, dentro de los tiempos requeridos.
D19: {=_xlfn.IFS(D15="A",0.25,D15="B",0.5,D15="C",0.75,D15="D",1,D15="",0)} -> 0 | E19: {=_xlfn.IFS(E15="A",0.25,E15="B",0.5,E15="C",0.75,E15="D",1,E15="",0)} -> 0 | F19: {=_xlfn.IFS(F15="A",0.25,F15="B",0.5,F15="C",0.75,F15="D",1,F15="",0)} -> 0 | G19: {=_xlfn.IFS(G15="A",0.25,G15="B",0.5,G15="C",0.75,G15="D",1,G15="",0)} -> 0
B20: Entrega oportuna en los tiempos pautados | C20: A. No realiza los aportes solicitados.
C21: B. Responde las participaciones de la mayoría de las asignaciones, presentando retrasos en algunas de ellas.
C22: C. Responde entregando la totalidad de los documentos, con algunos retrasos a los tiempos pautados por todo el equipo.
C23: D. Responde con prontitud a los tiempos pautados por todo el equipo, entregando la totalidad de los documentos
D24: {=_xlfn.IFS(D20="A",0.25,D20="B",0.5,D20="C",0.75,D20="D",1,D20="",0)} -> 0 | E24: {=_xlfn.IFS(E20="A",0.25,E20="B",0.5,E20="C",0.75,E20="D",1,E20="",0)} -> 0 | F24: {=_xlfn.IFS(F20="A",0.25,F20="B",0.5,F20="C",0.75,F20="D",1,F20="",0)} -> 0 | G24: {=_xlfn.IFS(G20="A",0.25,G20="B",0.5,G20="C",0.75,G20="D",1,G20="",0)} -> 0
B25: Revisión de ajustes o modificaciones | C25: A. No realiza ajustes o modificaciones solicitadas.
C26: B. Realiza ajustes y/o modificaciones solicitadas fuera de los tiempos requeridos por el equipo y sin mucha profundidad.
C27: C. Realiza ajustes y/o modificaciones dentro de los tiempos estipulados por el equipo, pero sin mayor profundidad.
C28: D.Realiza los ajustes y/o modificaciones requeridos por el equipo de forma concienzuda, dentro de los tiempos estipulados.
D29: {=_xlfn.IFS(D25="A",0.25,D25="B",0.5,D25="C",0.75,D25="D",1,D25="",0)} -> 0 | E29: {=_xlfn.IFS(E25="A",0.25,E25="B",0.5,E25="C",0.75,E25="D",1,E25="",0)} -> 0 | F29: {=_xlfn.IFS(F25="A",0.25,F25="B",0.5,F25="C",0.75,F25="D",1,F25="",0)} -> 0 | G29: {=_xlfn.IFS(G25="A",0.25,G25="B",0.5,G25="C",0.75,G25="D",1,G25="",0)} -> 0
B30: Los entregables cumplen con las características pautadas en la actividad académica | C30: A. Los entregables no cumplen con las características pautadas en la actividad académica
C31: B. Los entregables cumplen con algunas características pautadas en la actividad académica, pero con algunas inconsistencias en fondo o forma
C32: C. Los entregables cumplen con todas las características pautadas en la actividad académica, pero con algunas inconsistencias en fondo o forma
C33: D. Los entregables se ajustan en su totalidad a lo solicitado en las actividades académicas
D34: {=_xlfn.IFS(D30="A",0.25,D30="B",0.5,D30="C",0.75,D30="D",1,D30="",0)} -> 0 | E34: {=_xlfn.IFS(E30="A",0.25,E30="B",0.5,E30="C",0.75,E30="D",1,E30="",0)} -> 0 | F34: {=_xlfn.IFS(F30="A",0.25,F30="B",0.5,F30="C",0.75,F30="D",1,F30="",0)} -> 0 | G34: {=_xlfn.IFS(G30="A",0.25,G30="B",0.5,G30="C",0.75,G30="D",1,G30="",0)} -> 0

Sheet Estudiante 5
B2: Nombre Estudiante que Califica | C2: ='Datos del grupo'!E7 -> 0
B3: Correo | C3: ='Datos del grupo'!F7 -> 0
B4: Grupo Asignado en Plataforma | C4: ='Datos del grupo'!D3 -> 0
B5: Asignatura | C5: ='Datos del grupo'!C3 -> EXTRACCION TRANSFORMACION Y CARGA DE DATOS
D7: =D14+D19+D24+D29+D34 -> 0 | E7: =E14+E19+E24+E29+E34 -> 0 | F7: =F14+F19+F24+F29+F34 -> 0 | G7: =G14+G19+G24+G29+G34 -> 0
B8: RUBRICA DE COEVALUACIÓN | D8: Nombre 1er Evaluado | E8: Nombre 2do Evaluado | F8: Nombre 3er Evaluado | G8: Nombre 4to Evaluado
B9: Criterio de Evaluación | C9: Indicadores | D9: ='Datos del grupo'!$E$3 -> Miguel Angel Caballero Garcia | E9: ='Datos del grupo'!$E$4 -> 0 | F9: ='Datos del grupo'!$E$5 -> 0 | G9: ='Datos del grupo'!$E$6 -> 0
B10: Participación en la toma de decisiones del equipo | C10: A. No participa en la toma de decisiones del equipo
C11: B.Participa ocasionalmente en la toma de decisiones del equipo, los aportes son limitados.
C12: C. Participa en la toma de decisiones del equipo, facilitando el diálogo abierto, pero sin tomar una postura de liderazgo del equipo.
C13: D. Participa en la toma de decisiones del equipo, desde una postura de líder, facilitando el diálogo y proponiendo vías de acción a posibles dificultades dentro del grupo.
D14: {=_xlfn.IFS(D10="A",0.25,D10="B",0.5,D10="C",0.75,D10="D",1,D10="",0)} -> 0 | E14: {=_xlfn.IFS(E10="A",0.25,E10="B",0.5,E10="C",0.75,E10="D",1,E10="",0)} -> 0 | F14: {=_xlfn.IFS(F10="A",0.25,F10="B",0.5,F10="C",0.75,F10="D",1,F10="",0)} -> 0 | G14: {=_xlfn.IFS(G10="A",0.25,G10="B",0.5,G10="C",0.75,G10="D",1,G10="",0)} -> 0
B15: Participación en la ejecución de las actividades en equipo | C15: A. No participa en la ejecución de actividades en equipo.
C16: B. Participa en las actividades solicitadas sin tomar ningún rol protagónico en el equipo y sin cumplir con los tiempos requeridos.
C17: C. Participa activamente en la ejecución de las actividades, siguiendo el rol y tareas designadas, dentro de los tiempos requeridos.
C18: D. Participa activamente en la ejecución de las actividades, organizando las tareas a realizar, designando roles y actividades, dentro de los tiempos requeridos.
D19: {=_xlfn.IFS(D15="A",0.25,D15="B",0.5,D15="C",0.75,D15="D",1,D15="",0)} -> 0 | E19: {=_xlfn.IFS(E15="A",0.25,E15="B",0.5,E15="C",0.75,E15="D",1,E15="",0)} -> 0 | F19: {=_xlfn.IFS(F15="A",0.25,F15="B",0.5,F15="C",0.75,F15="D",1,F15="",0)} -> 0 | G19: {=_xlfn.IFS(G15="A",0.25,G15="B",0.5,G15="C",0.75,G15="D",1,G15="",0)} -> 0
B20: Entrega oportuna en los tiempos pautados | C20: A. No realiza los aportes solicitados.
C21: B. Responde las participaciones de la mayoría de las asignaciones, presentando retrasos en algunas de ellas.
C22: C. Responde entregando la totalidad de los documentos, con algunos retrasos a los tiempos pautados por todo el equipo.
C23: D. Responde con prontitud a los tiempos pautados por todo el equipo, entregando la totalidad de los documentos
D24: {=_xlfn.IFS(D20="A",0.25,D20="B",0.5,D20="C",0.75,D20="D",1,D20="",0)} -> 0 | E24: {=_xlfn.IFS(E20="A",0.25,E20="B",0.5,E20="C",0.75,E20="D",1,E20="",0)} -> 0 | F24: {=_xlfn.IFS(F20="A",0.25,F20="B",0.5,F20="C",0.75,F20="D",1,F20="",0)} -> 0 | G24: {=_xlfn.IFS(G20="A",0.25,G20="B",0.5,G20="C",0.75,G20="D",1,G20="",0)} -> 0
B25: Revisión de ajustes o modificaciones | C25: A. No realiza ajustes o modificaciones solicitadas.
C26: B. Realiza ajustes y/o modificaciones solicitadas fuera de los tiempos requeridos por el equipo y sin mucha profundidad.
C27: C. Realiza ajustes y/o modificaciones dentro de los tiempos estipulados por el equipo, pero sin mayor profundidad.
C28: D.Realiza los ajustes y/o modificaciones requeridos por el equipo de forma concienzuda, dentro de los tiempos estipulados.
D29: {=_xlfn.IFS(D25="A",0.25,D25="B",0.5,D25="C",0.75,D25="D",1,D25="",0)} -> 0 | E29: {=_xlfn.IFS(E25="A",0.25,E25="B",0.5,E25="C",0.75,E25="D",1,E25="",0)} -> 0 | F29: {=_xlfn.IFS(F25="A",0.25,F25="B",0.5,F25="C",0.75,F25="D",1,F25="",0)} -> 0 | G29: {=_xlfn.IFS(G25="A",0.25,G25="B",0.5,G25="C",0.75,G25="D",1,G25="",0)} -> 0
B30: Los entregables cumplen con las características pautadas en la actividad académica | C30: A. Los entregables no cumplen con las características pautadas en la actividad académica
C31: B. Los entregables cumplen con algunas características pautadas en la actividad académica, pero con algunas inconsistencias en fondo o forma
C32: C. Los entregables cumplen con todas las características pautadas en la actividad académica, pero con algunas inconsistencias en fondo o forma
C33: D. Los entregables se ajustan en su totalidad a lo solicitado en las actividades académicas
D34: {=_xlfn.IFS(D30="A",0.25,D30="B",0.5,D30="C",0.75,D30="D",1,D30="",0)} -> 0 | E34: {=_xlfn.IFS(E30="A",0.25,E30="B",0.5,E30="C",0.75,E30="D",1,E30="",0)} -> 0 | F34: {=_xlfn.IFS(F30="A",0.25,F30="B",0.5,F30="C",0.75,F30="D",1,F30="",0)} -> 0 | G34: {=_xlfn.IFS(G30="A",0.25,G30="B",0.5,G30="C",0.75,G30="D",1,G30="",0)} -> 0

Sheet Hoja docente
C2: A
C3: B
C4: C
C5: D
B6: Estudiante Evaluador | C6: Estudiante calificado | D6: Nota | G6: Estudiante calificado | H6: Nota Definitiva
B7: ='Estudiante 1'!$C$2 -> Miguel Angel Caballero Garcia | C7: ='Estudiante 1'!D$9 -> 0 | D7: =_xlfn.XLOOKUP($C$7,'Estudiante 1'!$D$9:$G$9,'Estudiante 1'!$D$7:$G$7,0,0,1) -> 5 | G7: ='Estudiante 1'!C$2 -> Miguel Angel Caballero Garcia | H7: =IFERROR(AVERAGEIFS(D:D,D:D,"<>0",C:C,G7),0) -> 1
B8: Grupo | C8: ='Estudiante 1'!E$9 -> 0 | D8: =_xlfn.XLOOKUP($C$8,'Estudiante 1'!$D$9:$G$9,'Estudiante 1'!$D$7:$G$7,0,0,1) -> 5 | G8: ='Estudiante 2'!C$2 -> 0 | H8: =IFERROR(AVERAGEIFS(D:D,D:D,"<>0",C:C,G8),0) -> 3.2857143
B9: ='Estudiante 1'!$C$4 -> 0 | C9: ='Estudiante 1'!F$9 -> 0 | D9: =_xlfn.XLOOKUP($C$9,'Estudiante 1'!$D$9:$G$9,'Estudiante 1'!$D$7:$G$7,0,0,1) -> 5 | G9: ='Estudiante 3'!C$2 -> 0 | H9: =IFERROR(AVERAGEIFS(D:D,D:D,"<>0",C:C,G9),0) -> 3.2857143
C10: ='Estudiante 1'!G$9 -> 0 | D10: =_xlfn.XLOOKUP($C$10,'Estudiante 1'!$D$9:$G$9,'Estudiante 1'!$D$7:$G$7,0,0,1) -> 5 | G10: ='Estudiante 4'!C$2 -> 0 | H10: =IFERROR(AVERAGEIFS(D:D,D:D,"<>0",C:C,G10),0) -> 3.2857143
G11: ='Estudiante 5'!C$2 -> 0 | H11: =IFERROR(AVERAGEIFS(D:D,D:D,"<>0",C:C,G11),0) -> 3.2857143
B12: Estudiante Evaluador | C12: Estudiante calificado | D12: Nota
B13: ='Estudiante 2'!$C$2 -> 0 | C13: ='Estudiante 2'!D$9 -> Miguel Angel Caballero Garcia | D13: =_xlfn.XLOOKUP($C$13,'Estudiante 2'!$D$9:$G$9,'Estudiante 2'!$D$7:$G$7,0,0,1) -> 1
B14: Grupo | C14: ='Estudiante 2'!E$9 -> 0 | D14: =_xlfn.XLOOKUP($C$14,'Estudiante 2'!$D$9:$G$9,'Estudiante 2'!$D$7:$G$7,0,0,1) -> 1
B15: ='Estudiante 1'!$C$4 -> 0 | C15: ='Estudiante 2'!F$9 -> 0 | D15: =_xlfn.XLOOKUP($C$15,'Estudiante 2'!$D$9:$G$9,'Estudiante 2'!$D$7:$G$7,0,0,1) -> 1
C16: ='Estudiante 2'!G$9 -> 0 | D16: =_xlfn.XLOOKUP($C$16,'Estudiante 2'!$D$9:$G$9,'Estudiante 2'!$D$7:$G$7,0,0,1) -> 1
B18: Estudiante Evaluador | C18: Estudiante calificado | D18: Nota
B19: ='Estudiante 3'!$C$2 -> 0 | C19: ='Estudiante 3'!D$9 -> Miguel Angel Caballero Garcia | D19: =_xlfn.XLOOKUP($C$19,'Estudiante 3'!$D$9:$G$9,'Estudiante 3'!$D$7:$G$7,0,0,1) -> 0
B20: Grupo | C20: ='Estudiante 3'!E$9 -> 0 | D20: =_xlfn.XLOOKUP($C$20,'Estudiante 3'!$D$9:$G$9,'Estudiante 3'!$D$7:$G$7,0,0,1) -> 0
B21: ='Estudiante 1'!$C$4 -> 0 | C21: ='Estudiante 3'!F$9 -> 0 | D21: =_xlfn.XLOOKUP($C$21,'Estudiante 3'!$D$9:$G$9,'Estudiante 3'!$D$7:$G$7,0,0,1) -> 0
C22: ='Estudiante 3'!G$9 -> 0 | D22: =_xlfn.XLOOKUP($C$22,'Estudiante 3'!$D$9:$G$9,'Estudiante 3'!$D$7:$G$7,0,0,1) -> 0
B24: Estudiante Evaluador | C24: Estudiante calificado | D24: Nota
B25: ='Estudiante 4'!$C$2 -> 0 | C25: ='Estudiante 4'!D$9 -> Miguel Angel Caballero Garcia | D25: =_xlfn.XLOOKUP($C$25,'Estudiante 4'!$D$9:$G$9,'Estudiante 4'!$D$7:$G$7,0,0,1) -> 0
B26: Grupo | C26: ='Estudiante 4'!E$9 -> 0 | D26: =_xlfn.XLOOKUP($C$26,'Estudiante 4'!$D$9:$G$9,'Estudiante 4'!$D$7:$G$7,0,0,1) -> 0
B27: ='Estudiante 1'!$C$4 -> 0 | C27: ='Estudiante 4'!F$9 -> 0 | D27: =_xlfn.XLOOKUP($C$27,'Estudiante 4'!$D$9:$G$9,'Estudiante 4'!$D$7:$G$7,0,0,1) -> 0
C28: ='Estudiante 4'!G$9 -> 0 | D28: =_xlfn.XLOOKUP($C$28,'Estudiante 4'!$D$9:$G$9,'Estudiante 4'!$D$7:$G$7,0,0,1) -> 0
B30: Estudiante Evaluador | C30: Estudiante calificado | D30: Nota
B31: ='Estudiante 5'!$C$2 -> 0 | C31: ='Estudiante 5'!D$9 -> Miguel Angel Caballero Garcia | D31: =_xlfn.XLOOKUP($C$31,'Estudiante 5'!$D$9:$G$9,'Estudiante 5'!$D$7:$G$7,0,0,1) -> 0
B32: Grupo | C32: ='Estudiante 5'!E$9 -> 0 | D32: =_xlfn.XLOOKUP($C$32,'Estudiante 5'!$D$9:$G$9,'Estudiante 5'!$D$7:$G$7,0,0,1) -> 0
B33: ='Estudiante 1'!$C$4 -> 0 | C33: ='Estudiante 5'!F$9 -> 0 | D33: =_xlfn.XLOOKUP($C$33,'Estudiante 5'!$D$9:$G$9,'Estudiante 5'!$D$7:$G$7,0,0,1) -> 0
C34: ='Estudiante 5'!G$9 -> 0 | D34: =_xlfn.XLOOKUP($C$34,'Estudiante 5'!$D$9:$G$9,'Estudiante 5'!$D$7:$G$7,0,0,1) -> 0
